volume	page_id	page_type	page_number
v.1 (1925)	42602750	Cover	
v.1 (1925)	42602749	Blank	
v.1 (1925)	42602748	Text	
v.1 (1925)	42602747	Blank	
v.1 (1925)	42602746	Blank	
v.1 (1925)	42602745	Blank	
v.1 (1925)	42602744	Text	
v.1 (1925)	42602743	Blank	
v.1 (1925)	42602742	Title Page	
v.1 (1925)	42602741	Text	
v.1 (1925)	42602740	Text	
v.1 (1925)	42602739	Text	
v.1 (1925)	42602738	Table of Contents	
v.1 (1925)	42602737	Table of Contents	
v.1 (1925)	42602736	Table of Contents	
v.1 (1925)	42602735	Blank	
v.1 (1925)	42602734	Text	
v.1 (1925)	42602733	Text	
v.1 (1925)	42602732	Text	
v.1 (1925)	42602731	Text	
v.1 (1925)	42602730	Text	
v.1 (1925)	42602729	Text	
v.1 (1925)	42602728	Text	
v.1 (1925)	42602727	Text	
v.1 (1925)	42602726	Text	
v.1 (1925)	42602725	Text	
v.1 (1925)	42602724	Text	
v.1 (1925)	42602723	Text	
v.1 (1925)	42602722	Text	
v.1 (1925)	42602721	Text	
v.1 (1925)	42602720	Text	
v.1 (1925)	42602719	Text	
v.1 (1925)	42602718	Text	
v.1 (1925)	42602717	Text	
v.1 (1925)	42602716	Text	
v.1 (1925)	42602715	Text	
v.1 (1925)	42602714	Text	
v.1 (1925)	42602713	Text	
v.1 (1925)	42602712	Text	
v.1 (1925)	42602711	Text	
v.1 (1925)	42602710	Text	
v.1 (1925)	42602709	Text	
v.1 (1925)	42602708	Text	
v.1 (1925)	42602707	Text	
v.1 (1925)	42602706	Text	
v.1 (1925)	42602705	Text	
v.1 (1925)	42602704	Text	
v.1 (1925)	42602703	Text	
v.1 (1925)	42602702	Text	
v.1 (1925)	42602701	Text	
v.1 (1925)	42602700	Text	
v.1 (1925)	42602699	Text	
v.1 (1925)	42602698	Text	
v.1 (1925)	42602665	Text	
v.1 (1925)	42602666	Text	
v.1 (1925)	42602667	Text	
v.1 (1925)	42602668	Text	
v.1 (1925)	42602669	Text	
v.1 (1925)	42602670	Text	
v.1 (1925)	42602671	Text	
v.1 (1925)	42602672	Text	
v.1 (1925)	42602673	Text	
v.1 (1925)	42602674	Text	
v.1 (1925)	42602675	Text	
v.1 (1925)	42602676	Text	
v.1 (1925)	42602677	Text	
v.1 (1925)	42602678	Text	
v.1 (1925)	42602679	Text	
v.1 (1925)	42602680	Text	
v.1 (1925)	42602681	Text	
v.1 (1925)	42602682	Text	
v.1 (1925)	42602683	Text	
v.1 (1925)	42602684	Text	
v.1 (1925)	42602685	Text	
v.1 (1925)	42602686	Text	
v.1 (1925)	42602687	Text	
v.1 (1925)	42602688	Text	
v.1 (1925)	42602689	Text	
v.1 (1925)	42602690	Text	
v.1 (1925)	42602691	Text	
v.1 (1925)	42602692	Text	
v.1 (1925)	42602693	Text	
v.1 (1925)	42602694	Text	
v.1 (1925)	42602695	Text	
v.1 (1925)	42602696	Text	
v.1 (1925)	42602697	Text	
v.1 (1925)	42602751	Text	
v.1 (1925)	42602752	Text	
v.1 (1925)	42602753	Text	
v.1 (1925)	42602754	Text	
v.1 (1925)	42602755	Text	
v.1 (1925)	42602756	Text	
v.1 (1925)	42602757	Text	
v.1 (1925)	42602758	Text	
v.1 (1925)	42602759	Text	
v.1 (1925)	42602760	Text	
v.1 (1925)	42602761	Blank	
v.1 (1925)	42602762	Blank	
v.1 (1925)	42602763	Blank	
v.1 (1925)	42602764	Blank	
v.1 (1925)	42602765	Blank	
v.1 (1925)	42602766	Blank	
v.1 (1925)	42602767	Illustration	Plate 1
v.1 (1925)	42602768	Blank	
v.1 (1925)	42602769	Illustration	Plate 2
v.1 (1925)	42602770	Blank	
v.1 (1925)	42602771	Illustration	Plate 3
v.1 (1925)	42602772	Blank	
v.1 (1925)	42602773	Illustration	Plate 4
v.1 (1925)	42602774	Blank	
v.1 (1925)	42602775	Illustration	Plate 5
v.1 (1925)	42602776	Blank	
v.1 (1925)	42602777	Illustration	Plate 6
v.1 (1925)	42602778	Blank	
v.1 (1925)	42602779	Illustration	Plate 7
v.1 (1925)	42602780	Blank	
v.1 (1925)	42602781	Illustration	Plate 8
v.1 (1925)	42602782	Blank	
v.1 (1925)	42602783	Illustration	Plate 9
v.1 (1925)	42602784	Blank	
v.1 (1925)	42602785	Illustration	Plate 10
v.1 (1925)	42602786	Blank	
v.1 (1925)	42602787	Illustration	Plate 11
v.1 (1925)	42602788	Blank	
v.1 (1925)	42602789	Illustration	Plate 12
v.1 (1925)	42602790	Blank	
v.1 (1925)	42602791	Illustration	Plate 13
v.1 (1925)	42602792	Blank	
v.1 (1925)	42602793	Illustration	Plate 14
v.1 (1925)	42602794	Blank	
v.1 (1925)	42602795	Illustration	Plate 15
v.1 (1925)	42602796	Blank	
v.1 (1925)	42602797	Illustration	Plate 16
v.1 (1925)	42602798	Blank	
v.1 (1925)	42602799	Illustration	Plate 17
v.1 (1925)	42602800	Blank	
v.1 (1925)	42602801	Illustration	Plate 18
v.1 (1925)	42602802	Blank	
v.1 (1925)	42602803	Illustration	Plate 19
v.1 (1925)	42602804	Blank	
v.1 (1925)	42602805	Illustration	Plate 20
v.1 (1925)	42602806	Blank	
v.1 (1925)	42602807	Illustration	Plate 21
v.1 (1925)	42602808	Blank	
v.1 (1925)	42602809	Illustration	Plate 22
v.1 (1925)	42602810	Blank	
v.1 (1925)	42602811	Illustration	Plate 23
v.1 (1925)	42602812	Blank	
v.1 (1925)	42602813	Illustration	Plate 24
v.1 (1925)	42602814	Blank	
v.1 (1925)	42602815	Illustration	Plate 24a
v.1 (1925)	42602816	Blank	
v.1 (1925)	42602817	Illustration	Plate 25
v.1 (1925)	42602818	Blank	
v.1 (1925)	42602819	Illustration	Plate 26
v.1 (1925)	42602820	Blank	
v.1 (1925)	42602821	Illustration	Plate 27
v.1 (1925)	42602822	Blank	
v.1 (1925)	42602823	Illustration	Plate 28
v.1 (1925)	42602824	Blank	
v.1 (1925)	42602825	Illustration	Plate 29
v.1 (1925)	42602826	Blank	
v.1 (1925)	42602827	Illustration	Plate 30
v.1 (1925)	42602828	Blank	
v.1 (1925)	42602829	Illustration	Plate 31
v.1 (1925)	42602830	Blank	
v.1 (1925)	42602831	Illustration	Plate 31A
v.1 (1925)	42602832	Blank	
v.1 (1925)	42602833	Illustration	Plate 32
v.1 (1925)	42602834	Blank	
v.1 (1925)	42602835	Illustration	Plate 33
v.1 (1925)	42602836	Blank	
v.1 (1925)	42602837	Illustration	Plate 34
v.1 (1925)	42602838	Blank	
v.1 (1925)	42602839	Illustration	Plate 35
v.1 (1925)	42602840	Blank	
v.1 (1925)	42602841	Illustration	Plate 36
v.1 (1925)	42602842	Blank	
v.1 (1925)	42602843	Illustration	Plate 37
v.1 (1925)	42602844	Blank	
v.1 (1925)	42602845	Illustration	Plate 38
v.1 (1925)	42602846	Blank	
v.1 (1925)	42602847	Illustration	Plate 39
v.1 (1925)	42602848	Blank	
v.1 (1925)	42602849	Illustration	Plate 40
v.1 (1925)	42602850	Blank	
v.1 (1925)	42602851	Illustration	Plate 41
v.1 (1925)	42602852	Blank	
v.1 (1925)	42602853	Illustration	Plate 42
v.1 (1925)	42602854	Blank	
v.1 (1925)	42602855	Illustration	Plate 43
v.1 (1925)	42602856	Blank	
v.1 (1925)	42602857	Illustration	Plate 44
v.1 (1925)	42602858	Blank	
v.1 (1925)	42602859	Illustration	Plate 45
v.1 (1925)	42602860	Blank	
v.1 (1925)	42602861	Illustration	Plate 46
v.1 (1925)	42602862	Blank	
v.1 (1925)	42602863	Illustration	Plate 47
v.1 (1925)	42602864	Blank	
v.1 (1925)	42602865	Illustration	Plate 48
v.1 (1925)	42602866	Blank	
v.1 (1925)	42602867	Illustration	Plate 49
v.1 (1925)	42602868	Blank	
v.1 (1925)	42602869	Illustration	Plate 50
v.1 (1925)	42602870	Blank	
v.1 (1925)	42602871	Illustration	Plate 51
v.1 (1925)	42602872	Blank	
v.1 (1925)	42602873	Illustration	Plate 52
v.1 (1925)	42602874	Blank	
v.1 (1925)	42602875	Illustration	Plate 53
v.1 (1925)	42602876	Blank	
v.1 (1925)	42602877	Illustration	Plate 54
v.1 (1925)	42602878	Blank	
v.1 (1925)	42602879	Illustration	Plate 55
v.1 (1925)	42602880	Blank	
v.1 (1925)	42602881	Illustration	Plate 56
v.1 (1925)	42602882	Blank	
v.1 (1925)	42602883	Illustration	Plate 56a
v.1 (1925)	42602884	Blank	
v.1 (1925)	42602885	Illustration	Plate 57
v.1 (1925)	42602886	Blank	
v.1 (1925)	42602887	Illustration	Plate 58
v.1 (1925)	42602888	Blank	
v.1 (1925)	42602889	Illustration	Plate 59
v.1 (1925)	42602890	Blank	
v.1 (1925)	42602891	Illustration	Plate 60
v.1 (1925)	42602892	Blank	
v.1 (1925)	42602893	Illustration	Plate 61
v.1 (1925)	42602894	Blank	
v.1 (1925)	42602895	Illustration	Plate 62
v.1 (1925)	42602896	Blank	
v.1 (1925)	42602897	Illustration	Plate 63
v.1 (1925)	42602898	Blank	
v.1 (1925)	42602899	Illustration	Plate 64
v.1 (1925)	42602900	Blank	
v.1 (1925)	42602901	Illustration	Plate 65
v.1 (1925)	42602902	Blank	
v.1 (1925)	42602903	Illustration	Plate 66
v.1 (1925)	42602904	Blank	
v.1 (1925)	42602905	Illustration	Plate 67
v.1 (1925)	42602906	Blank	
v.1 (1925)	42602907	Illustration	Plate 68
v.1 (1925)	42602908	Blank	
v.1 (1925)	42602909	Illustration	Plate 69
v.1 (1925)	42602910	Blank	
v.1 (1925)	42602911	Illustration	Plate 70
v.1 (1925)	42602912	Blank	
v.1 (1925)	42602913	Illustration	Plate 71
v.1 (1925)	42602914	Blank	
v.1 (1925)	42602915	Illustration	Plate 72
v.1 (1925)	42602916	Blank	
v.1 (1925)	42602917	Illustration	Plate 73
v.1 (1925)	42602918	Blank	
v.1 (1925)	42602919	Illustration	Plate 74
v.1 (1925)	42602920	Blank	
v.1 (1925)	42602921	Illustration	Plate 75
v.1 (1925)	42602922	Blank	
v.1 (1925)	42602923	Illustration	Plate 76
v.1 (1925)	42602924	Blank	
v.1 (1925)	42602925	Illustration	Plate 77
v.1 (1925)	42602926	Blank	
v.1 (1925)	42602927	Blank	
v.1 (1925)	42602928	Cover	
v.2 (1925)	42667798	Cover	
v.2 (1925)	42667797	Blank	
v.2 (1925)	42667796	Text	
v.2 (1925)	42667795	Blank	
v.2 (1925)	42667794	Blank	
v.2 (1925)	42667793	Blank	
v.2 (1925)	42667792	Text	
v.2 (1925)	42667791	Blank	
v.2 (1925)	42667790	Title Page	
v.2 (1925)	42667789	Blank	
v.2 (1925)	42667788	Table of Contents	
v.2 (1925)	42667787	Table of Contents	
v.2 (1925)	42667786	Table of Contents	
v.2 (1925)	42667785	Blank	
v.2 (1925)	42667784	Text	
v.2 (1925)	42667783	Text	
v.2 (1925)	42667782	Text	
v.2 (1925)	42667781	Text	
v.2 (1925)	42667780	Text	
v.2 (1925)	42667779	Text	
v.2 (1925)	42667778	Text	
v.2 (1925)	42667777	Text	
v.2 (1925)	42667776	Text	
v.2 (1925)	42667775	Text	
v.2 (1925)	42667774	Text	
v.2 (1925)	42667773	Text	
v.2 (1925)	42667772	Text	
v.2 (1925)	42667771	Text	
v.2 (1925)	42667770	Text	
v.2 (1925)	42667769	Text	
v.2 (1925)	42667768	Text	
v.2 (1925)	42667767	Text	
v.2 (1925)	42667766	Text	
v.2 (1925)	42667765	Text	
v.2 (1925)	42667764	Text	
v.2 (1925)	42667763	Text	
v.2 (1925)	42667762	Text	
v.2 (1925)	42667761	Text	
v.2 (1925)	42667760	Text	
v.2 (1925)	42667759	Text	
v.2 (1925)	42667758	Text	
v.2 (1925)	42667757	Text	
v.2 (1925)	42667756	Text	
v.2 (1925)	42667755	Text	
v.2 (1925)	42667754	Text	
v.2 (1925)	42667753	Text	
v.2 (1925)	42667752	Text	
v.2 (1925)	42667751	Text	
v.2 (1925)	42667750	Text	
v.2 (1925)	42667749	Text	
v.2 (1925)	42667748	Text	
v.2 (1925)	42667747	Text	
v.2 (1925)	42667746	Text	
v.2 (1925)	42667713	Text	
v.2 (1925)	42667714	Text	
v.2 (1925)	42667715	Text	
v.2 (1925)	42667716	Text	
v.2 (1925)	42667717	Text	
v.2 (1925)	42667718	Text	
v.2 (1925)	42667719	Text	
v.2 (1925)	42667720	Text	
v.2 (1925)	42667721	Text	
v.2 (1925)	42667722	Text	
v.2 (1925)	42667723	Text	
v.2 (1925)	42667724	Text	
v.2 (1925)	42667725	Text	
v.2 (1925)	42667726	Text	
v.2 (1925)	42667727	Text	
v.2 (1925)	42667728	Text	
v.2 (1925)	42667729	Text	
v.2 (1925)	42667730	Text	
v.2 (1925)	42667731	Text	
v.2 (1925)	42667732	Text	
v.2 (1925)	42667733	Text	
v.2 (1925)	42667734	Text	
v.2 (1925)	42667735	Text	
v.2 (1925)	42667736	Text	
v.2 (1925)	42667737	Text	
v.2 (1925)	42667738	Text	
v.2 (1925)	42667739	Text	
v.2 (1925)	42667740	Text	
v.2 (1925)	42667741	Text	
v.2 (1925)	42667742	Text	
v.2 (1925)	42667743	Text	
v.2 (1925)	42667744	Text	
v.2 (1925)	42667745	Text	
v.2 (1925)	42667799	Text	
v.2 (1925)	42667800	Text	
v.2 (1925)	42667801	Text	
v.2 (1925)	42667802	Text	
v.2 (1925)	42667803	Text	
v.2 (1925)	42667804	Text	
v.2 (1925)	42667805	Text	
v.2 (1925)	42667806	Text	
v.2 (1925)	42667807	Blank	
v.2 (1925)	42667808	Blank	
v.2 (1925)	42667809	Blank	
v.2 (1925)	42667810	Blank	
v.2 (1925)	42667811	Blank	
v.2 (1925)	42667812	Blank	
v.2 (1925)	42667813	Blank	
v.2 (1925)	42667814	Blank	
v.2 (1925)	42667815	Blank	
v.2 (1925)	42667816	Blank	
v.2 (1925)	42667817	Illustration	Plate 81
v.2 (1925)	42667818	Blank	
v.2 (1925)	42667819	Illustration	Plate 82
v.2 (1925)	42667820	Blank	
v.2 (1925)	42667821	Illustration	Plate 83
v.2 (1925)	42667822	Blank	
v.2 (1925)	42667823	Illustration	Plate 84
v.2 (1925)	42667824	Blank	
v.2 (1925)	42667825	Illustration	Plate 85
v.2 (1925)	42667826	Blank	
v.2 (1925)	42667827	Illustration	Plate 86
v.2 (1925)	42667828	Blank	
v.2 (1925)	42667829	Illustration	Plate 87
v.2 (1925)	42667830	Blank	
v.2 (1925)	42667831	Illustration	Plate 88
v.2 (1925)	42667832	Blank	
v.2 (1925)	42667833	Illustration	Plate 89
v.2 (1925)	42667834	Blank	
v.2 (1925)	42667835	Illustration	Plate 90
v.2 (1925)	42667836	Blank	
v.2 (1925)	42667837	Illustration	Plate 91
v.2 (1925)	42667838	Blank	
v.2 (1925)	42667839	Illustration	Plate 92
v.2 (1925)	42667840	Blank	
v.2 (1925)	42667841	Illustration	Plate 93
v.2 (1925)	42667842	Blank	
v.2 (1925)	42667843	Illustration	Plate 94
v.2 (1925)	42667844	Blank	
v.2 (1925)	42667845	Illustration	Plate 95
v.2 (1925)	42667846	Blank	
v.2 (1925)	42667847	Illustration	Plate 96
v.2 (1925)	42667848	Blank	
v.2 (1925)	42667849	Illustration	Plate 97
v.2 (1925)	42667850	Blank	
v.2 (1925)	42667851	Illustration	Plate 98
v.2 (1925)	42667852	Blank	
v.2 (1925)	42667853	Illustration	Plate 99
v.2 (1925)	42667854	Blank	
v.2 (1925)	42667855	Illustration	Plate 100
v.2 (1925)	42667856	Blank	
v.2 (1925)	42667857	Illustration	Plate 101
v.2 (1925)	42667858	Blank	
v.2 (1925)	42667859	Illustration	Plate 102
v.2 (1925)	42667860	Blank	
v.2 (1925)	42667861	Illustration	Plate 103
v.2 (1925)	42667862	Blank	
v.2 (1925)	42667863	Illustration	Plate 104
v.2 (1925)	42667864	Blank	
v.2 (1925)	42667865	Illustration	Plate 105
v.2 (1925)	42667866	Blank	
v.2 (1925)	42667867	Illustration	Plate 106
v.2 (1925)	42667868	Blank	
v.2 (1925)	42667869	Illustration	Plate 107
v.2 (1925)	42667870	Blank	
v.2 (1925)	42667871	Illustration	Plate 108
v.2 (1925)	42667872	Blank	
v.2 (1925)	42667873	Illustration	Plate 109
v.2 (1925)	42667874	Blank	
v.2 (1925)	42667875	Illustration	Plate 110
v.2 (1925)	42667876	Blank	
v.2 (1925)	42667877	Illustration	Plate 111
v.2 (1925)	42667878	Blank	
v.2 (1925)	42667879	Illustration	Plate 112
v.2 (1925)	42667880	Blank	
v.2 (1925)	42667881	Illustration	Plate 113
v.2 (1925)	42667882	Blank	
v.2 (1925)	42667883	Illustration	Plate 114
v.2 (1925)	42667884	Blank	
v.2 (1925)	42667885	Illustration	Plate 115
v.2 (1925)	42667886	Blank	
v.2 (1925)	42667887	Illustration	Plate 116
v.2 (1925)	42667888	Blank	
v.2 (1925)	42667889	Illustration	Plate 117
v.2 (1925)	42667890	Blank	
v.2 (1925)	42667891	Illustration	Plate 118
v.2 (1925)	42667892	Blank	
v.2 (1925)	42667893	Illustration	Plate 119
v.2 (1925)	42667894	Blank	
v.2 (1925)	42667895	Illustration	Plate 120
v.2 (1925)	42667896	Blank	
v.2 (1925)	42667897	Illustration	Plate 121
v.2 (1925)	42667898	Blank	
v.2 (1925)	42667899	Illustration	Plate 122
v.2 (1925)	42667900	Blank	
v.2 (1925)	42667901	Illustration	Plate 123
v.2 (1925)	42667902	Blank	
v.2 (1925)	42667903	Illustration	Plate 124
v.2 (1925)	42667904	Blank	
v.2 (1925)	42667905	Illustration	Plate 125
v.2 (1925)	42667906	Blank	
v.2 (1925)	42667907	Illustration	Plate 126
v.2 (1925)	42667908	Blank	
v.2 (1925)	42667909	Illustration	Plate 127
v.2 (1925)	42667910	Blank	
v.2 (1925)	42667911	Illustration	Plate 128
v.2 (1925)	42667912	Blank	
v.2 (1925)	42667913	Illustration	Plate 129
v.2 (1925)	42667914	Blank	
v.2 (1925)	42667915	Illustration	Plate 130
v.2 (1925)	42667916	Blank	
v.2 (1925)	42667917	Illustration	Plate 131
v.2 (1925)	42667918	Blank	
v.2 (1925)	42667919	Illustration	Plate 132
v.2 (1925)	42667920	Blank	
v.2 (1925)	42667921	Illustration	Plate 133
v.2 (1925)	42667922	Blank	
v.2 (1925)	42667923	Illustration	Plate 134
v.2 (1925)	42667924	Blank	
v.2 (1925)	42667925	Illustration	Plate 135
v.2 (1925)	42667926	Blank	
v.2 (1925)	42667927	Illustration	Plate 136
v.2 (1925)	42667928	Blank	
v.2 (1925)	42667929	Illustration	Plate 137
v.2 (1925)	42667930	Blank	
v.2 (1925)	42667931	Illustration	Plate 138
v.2 (1925)	42667932	Blank	
v.2 (1925)	42667933	Illustration	Plate 139
v.2 (1925)	42667934	Blank	
v.2 (1925)	42667935	Illustration	Plate 140
v.2 (1925)	42667936	Blank	
v.2 (1925)	42667937	Illustration	Plate 141
v.2 (1925)	42667938	Blank	
v.2 (1925)	42667939	Illustration	Plate 142
v.2 (1925)	42667940	Blank	
v.2 (1925)	42667941	Illustration	Plate 143
v.2 (1925)	42667942	Blank	
v.2 (1925)	42667943	Illustration	Plate 144
v.2 (1925)	42667944	Blank	
v.2 (1925)	42667945	Illustration	Plate 145
v.2 (1925)	42667946	Blank	
v.2 (1925)	42667947	Illustration	Plate 146
v.2 (1925)	42667948	Blank	
v.2 (1925)	42667949	Illustration	Plate 147
v.2 (1925)	42667950	Blank	
v.2 (1925)	42667951	Illustration	Plate 148
v.2 (1925)	42667952	Blank	
v.2 (1925)	42667953	Illustration	Plate 149
v.2 (1925)	42667954	Blank	
v.2 (1925)	42667955	Illustration	Plate 150
v.2 (1925)	42667956	Blank	
v.2 (1925)	42667957	Illustration	Plate 151
v.2 (1925)	42667958	Blank	
v.2 (1925)	42667959	Illustration	Plate 152
v.2 (1925)	42667960	Blank	
v.2 (1925)	42667961	Illustration	Plate 153
v.2 (1925)	42667962	Blank	
v.2 (1925)	42667963	Illustration	Plate 154
v.2 (1925)	42667964	Blank	
v.2 (1925)	42667965	Illustration	Plate 155
v.2 (1925)	42667966	Blank	
v.2 (1925)	42667967	Illustration	Plate 156
v.2 (1925)	42667968	Blank	
v.2 (1925)	42667969	Illustration	Plate 157
v.2 (1925)	42667970	Blank	
v.2 (1925)	42667971	Illustration	Plate 158
v.2 (1925)	42667972	Blank	
v.2 (1925)	42667973	Illustration	Plate 159
v.2 (1925)	42667974	Blank	
v.2 (1925)	42667975	Illustration	Plate 160
v.2 (1925)	42667976	Blank	
v.2 (1925)	42667977	Blank	
v.2 (1925)	42667978	Cover	
v.3 (1925)	42669609	Cover	
v.3 (1925)	42669610	Blank	
v.3 (1925)	42669611	Text	
v.3 (1925)	42669612	Blank	
v.3 (1925)	42669613	Blank	
v.3 (1925)	42669614	Blank	
v.3 (1925)	42669615	Text	
v.3 (1925)	42669616	Blank	
v.3 (1925)	42669617	Title Page	
v.3 (1925)	42669618	Blank	
v.3 (1925)	42669619	Table of Contents	
v.3 (1925)	42669620	Table of Contents	
v.3 (1925)	42669621	Table of Contents	
v.3 (1925)	42669622	Blank	
v.3 (1925)	42669623	Text	
v.3 (1925)	42669624	Text	
v.3 (1925)	42669625	Text	
v.3 (1925)	42669626	Text	
v.3 (1925)	42669627	Text	
v.3 (1925)	42669628	Text	
v.3 (1925)	42669629	Text	
v.3 (1925)	42669630	Text	
v.3 (1925)	42669631	Text	
v.3 (1925)	42669632	Text	
v.3 (1925)	42669633	Text	
v.3 (1925)	42669634	Text	
v.3 (1925)	42669635	Text	
v.3 (1925)	42669636	Text	
v.3 (1925)	42669637	Text	
v.3 (1925)	42669638	Text	
v.3 (1925)	42669639	Text	
v.3 (1925)	42669640	Text	
v.3 (1925)	42669641	Text	
v.3 (1925)	42669642	Text	
v.3 (1925)	42669643	Text	
v.3 (1925)	42669644	Text	
v.3 (1925)	42669645	Text	
v.3 (1925)	42669646	Text	
v.3 (1925)	42669647	Text	
v.3 (1925)	42669648	Text	
v.3 (1925)	42669649	Text	
v.3 (1925)	42669650	Text	
v.3 (1925)	42669651	Text	
v.3 (1925)	42669652	Text	
v.3 (1925)	42669653	Text	
v.3 (1925)	42669654	Text	
v.3 (1925)	42669655	Text	
v.3 (1925)	42669656	Text	
v.3 (1925)	42669657	Text	
v.3 (1925)	42669658	Text	
v.3 (1925)	42669659	Text	
v.3 (1925)	42669660	Text	
v.3 (1925)	42669661	Text	
v.3 (1925)	42669662	Text	
v.3 (1925)	42669663	Text	
v.3 (1925)	42669664	Text	
v.3 (1925)	42669665	Text	
v.3 (1925)	42669666	Text	
v.3 (1925)	42669667	Text	
v.3 (1925)	42669668	Text	
v.3 (1925)	42669669	Text	
v.3 (1925)	42669670	Text	
v.3 (1925)	42669671	Text	
v.3 (1925)	42669672	Text	
v.3 (1925)	42669673	Text	
v.3 (1925)	42669674	Text	
v.3 (1925)	42669675	Text	
v.3 (1925)	42669676	Text	
v.3 (1925)	42669677	Text	
v.3 (1925)	42669678	Text	
v.3 (1925)	42669679	Text	
v.3 (1925)	42669680	Text	
v.3 (1925)	42669681	Text	
v.3 (1925)	42669682	Text	
v.3 (1925)	42669683	Text	
v.3 (1925)	42669684	Text	
v.3 (1925)	42669685	Text	
v.3 (1925)	42669686	Text	
v.3 (1925)	42669687	Text	
v.3 (1925)	42669688	Text	
v.3 (1925)	42669689	Text	
v.3 (1925)	42669690	Text	
v.3 (1925)	42669691	Text	
v.3 (1925)	42669692	Text	
v.3 (1925)	42669693	Text	
v.3 (1925)	42669694	Text	
v.3 (1925)	42669695	Text	
v.3 (1925)	42669696	Text	
v.3 (1925)	42669697	Text	
v.3 (1925)	42669698	Text	
v.3 (1925)	42669699	Text	
v.3 (1925)	42669700	Text	
v.3 (1925)	42669701	Text	
v.3 (1925)	42669702	Text	
v.3 (1925)	42669703	Text	
v.3 (1925)	42669704	Blank	
v.3 (1925)	42669705	Blank	
v.3 (1925)	42669706	Blank	
v.3 (1925)	42669707	Blank	
v.3 (1925)	42669708	Blank	
v.3 (1925)	42669709	Blank	
v.3 (1925)	42669710	Blank	
v.3 (1925)	42669711	Illustration	Plate 161
v.3 (1925)	42669712	Blank	
v.3 (1925)	42669713	Illustration	Plate 162
v.3 (1925)	42669714	Blank	
v.3 (1925)	42669715	Illustration	Plate 163
v.3 (1925)	42669716	Blank	
v.3 (1925)	42669717	Illustration	Plate 164
v.3 (1925)	42669718	Blank	
v.3 (1925)	42669719	Illustration	Plate 165
v.3 (1925)	42669720	Blank	
v.3 (1925)	42669721	Illustration	Plate 166
v.3 (1925)	42669722	Blank	
v.3 (1925)	42669723	Illustration	Plate 167
v.3 (1925)	42669724	Blank	
v.3 (1925)	42669725	Illustration	Plate 168
v.3 (1925)	42669726	Blank	
v.3 (1925)	42669727	Illustration	Plate 169
v.3 (1925)	42669728	Blank	
v.3 (1925)	42669729	Illustration	Plate 170
v.3 (1925)	42669730	Blank	
v.3 (1925)	42669731	Illustration	Plate 171
v.3 (1925)	42669732	Blank	
v.3 (1925)	42669733	Illustration	Plate 172
v.3 (1925)	42669734	Blank	
v.3 (1925)	42669735	Illustration	Plate 173
v.3 (1925)	42669736	Blank	
v.3 (1925)	42669737	Illustration	Plate 174
v.3 (1925)	42669738	Blank	
v.3 (1925)	42669739	Illustration	Plate 175
v.3 (1925)	42669740	Blank	
v.3 (1925)	42669741	Illustration	Plate 176
v.3 (1925)	42669742	Blank	
v.3 (1925)	42669743	Illustration	Plate 177
v.3 (1925)	42669744	Blank	
v.3 (1925)	42669745	Illustration	Plate 178
v.3 (1925)	42669746	Blank	
v.3 (1925)	42669747	Illustration	Plate 179
v.3 (1925)	42669748	Blank	
v.3 (1925)	42669749	Illustration	Plate 180
v.3 (1925)	42669750	Blank	
v.3 (1925)	42669751	Illustration	Plate 181
v.3 (1925)	42669752	Blank	
v.3 (1925)	42669753	Illustration	Plate 181
v.3 (1925)	42669754	Blank	
v.3 (1925)	42669755	Illustration	Plate 182
v.3 (1925)	42669756	Blank	
v.3 (1925)	42669757	Illustration	Plate 183
v.3 (1925)	42669758	Blank	
v.3 (1925)	42669759	Illustration	Plate 184
v.3 (1925)	42669760	Blank	
v.3 (1925)	42669761	Illustration	Plate 185
v.3 (1925)	42669762	Blank	
v.3 (1925)	42669763	Illustration	Plate 186
v.3 (1925)	42669764	Blank	
v.3 (1925)	42669765	Illustration	Plate 187
v.3 (1925)	42669766	Blank	
v.3 (1925)	42669767	Illustration	Plate 188
v.3 (1925)	42669768	Blank	
v.3 (1925)	42669769	Illustration	Plate 189
v.3 (1925)	42669770	Blank	
v.3 (1925)	42669771	Illustration	Plate 190
v.3 (1925)	42669772	Blank	
v.3 (1925)	42669773	Illustration	Plate 191
v.3 (1925)	42669774	Blank	
v.3 (1925)	42669775	Illustration	Plate 192
v.3 (1925)	42669776	Blank	
v.3 (1925)	42669777	Illustration	Plate 193
v.3 (1925)	42669778	Blank	
v.3 (1925)	42669779	Illustration	Plate 194
v.3 (1925)	42669780	Blank	
v.3 (1925)	42669781	Illustration	Plate 195
v.3 (1925)	42669782	Blank	
v.3 (1925)	42669783	Illustration	Plate 196
v.3 (1925)	42669784	Blank	
v.3 (1925)	42669785	Illustration	Plate 197
v.3 (1925)	42669786	Blank	
v.3 (1925)	42669787	Illustration	Plate 198
v.3 (1925)	42669788	Blank	
v.3 (1925)	42669789	Illustration	Plate 199
v.3 (1925)	42669790	Blank	
v.3 (1925)	42669791	Illustration	Plate 200
v.3 (1925)	42669792	Blank	
v.3 (1925)	42669793	Illustration	Plate 201
v.3 (1925)	42669794	Blank	
v.3 (1925)	42669795	Illustration	Plate 202
v.3 (1925)	42669796	Blank	
v.3 (1925)	42669797	Illustration	Plate 203
v.3 (1925)	42669798	Blank	
v.3 (1925)	42669799	Illustration	Plate 204
v.3 (1925)	42669800	Blank	
v.3 (1925)	42669801	Illustration	Plate 205
v.3 (1925)	42669802	Blank	
v.3 (1925)	42669803	Illustration	Plate 206
v.3 (1925)	42669804	Blank	
v.3 (1925)	42669805	Illustration	Plate 207
v.3 (1925)	42669806	Blank	
v.3 (1925)	42669807	Illustration	Plate 208
v.3 (1925)	42669808	Blank	
v.3 (1925)	42669809	Illustration	Plate 209
v.3 (1925)	42669810	Blank	
v.3 (1925)	42669811	Illustration	Plate 210
v.3 (1925)	42669812	Blank	
v.3 (1925)	42669813	Illustration	Plate 211
v.3 (1925)	42669814	Blank	
v.3 (1925)	42669815	Illustration	Plate 212
v.3 (1925)	42669816	Blank	
v.3 (1925)	42669817	Illustration	Plate 213
v.3 (1925)	42669818	Blank	
v.3 (1925)	42669819	Illustration	Plate 214
v.3 (1925)	42669820	Blank	
v.3 (1925)	42669821	Illustration	Plate 215
v.3 (1925)	42669822	Blank	
v.3 (1925)	42669823	Illustration	Plate 216
v.3 (1925)	42669824	Blank	
v.3 (1925)	42669825	Illustration	Plate 217
v.3 (1925)	42669826	Blank	
v.3 (1925)	42669827	Illustration	Plate 218
v.3 (1925)	42669828	Blank	
v.3 (1925)	42669829	Illustration	Plate 219
v.3 (1925)	42669830	Blank	
v.3 (1925)	42669831	Illustration	Plate 220
v.3 (1925)	42669832	Blank	
v.3 (1925)	42669833	Illustration	Plate 221
v.3 (1925)	42669834	Blank	
v.3 (1925)	42669835	Illustration	Plate 222
v.3 (1925)	42669836	Blank	
v.3 (1925)	42669837	Illustration	Plate 223
v.3 (1925)	42669838	Blank	
v.3 (1925)	42669839	Illustration	Plate 224
v.3 (1925)	42669840	Blank	
v.3 (1925)	42669841	Illustration	Plate 225
v.3 (1925)	42669842	Blank	
v.3 (1925)	42669843	Illustration	Plate 226
v.3 (1925)	42669844	Blank	
v.3 (1925)	42669845	Illustration	Plate 227
v.3 (1925)	42669846	Blank	
v.3 (1925)	42669847	Illustration	Plate 228
v.3 (1925)	42669848	Blank	
v.3 (1925)	42669849	Illustration	Plate 229
v.3 (1925)	42669850	Blank	
v.3 (1925)	42669851	Illustration	Plate 230
v.3 (1925)	42669852	Blank	
v.3 (1925)	42669853	Illustration	Plate 231
v.3 (1925)	42669854	Blank	
v.3 (1925)	42669855	Illustration	Plate 232
v.3 (1925)	42669856	Blank	
v.3 (1925)	42669857	Illustration	Plate 233
v.3 (1925)	42669858	Blank	
v.3 (1925)	42669859	Illustration	Plate 234
v.3 (1925)	42669860	Blank	
v.3 (1925)	42669861	Illustration	Plate 235
v.3 (1925)	42669862	Blank	
v.3 (1925)	42669863	Illustration	Plate 236
v.3 (1925)	42669864	Blank	
v.3 (1925)	42669865	Illustration	Plate 237
v.3 (1925)	42669866	Blank	
v.3 (1925)	42669867	Illustration	Plate 238
v.3 (1925)	42669868	Blank	
v.3 (1925)	42669869	Illustration	Plate 239
v.3 (1925)	42669870	Blank	
v.3 (1925)	42669871	Illustration	Plate 240
v.3 (1925)	42669872	Blank	
v.3 (1925)	42669873	Blank	
v.3 (1925)	42669874	Blank	
v.3 (1925)	42669875	Blank	
v.3 (1925)	42669876	Cover	
v.4 (1925)	42669069	Cover	
v.4 (1925)	42669070	Blank	
v.4 (1925)	42669071	Text	
v.4 (1925)	42669072	Blank	
v.4 (1925)	42669073	Blank	
v.4 (1925)	42669074	Blank	
v.4 (1925)	42669075	Text	
v.4 (1925)	42669076	Blank	
v.4 (1925)	42669077	Title Page	
v.4 (1925)	42669078	Blank	
v.4 (1925)	42669079	Table of Contents	
v.4 (1925)	42669080	Table of Contents	
v.4 (1925)	42669081	Table of Contents	
v.4 (1925)	42669082	Blank	
v.4 (1925)	42669083	Text	
v.4 (1925)	42669084	Text	
v.4 (1925)	42669085	Text	
v.4 (1925)	42669086	Text	
v.4 (1925)	42669087	Text	
v.4 (1925)	42669088	Text	
v.4 (1925)	42669089	Text	
v.4 (1925)	42669090	Text	
v.4 (1925)	42669091	Text	
v.4 (1925)	42669092	Text	
v.4 (1925)	42669093	Text	
v.4 (1925)	42669094	Text	
v.4 (1925)	42669095	Text	
v.4 (1925)	42669096	Text	
v.4 (1925)	42669097	Text	
v.4 (1925)	42669098	Text	
v.4 (1925)	42669099	Text	
v.4 (1925)	42669100	Text	
v.4 (1925)	42669101	Text	
v.4 (1925)	42669102	Text	
v.4 (1925)	42669103	Text	
v.4 (1925)	42669104	Text	
v.4 (1925)	42669105	Text	
v.4 (1925)	42669106	Text	
v.4 (1925)	42669107	Text	
v.4 (1925)	42669108	Text	
v.4 (1925)	42669109	Text	
v.4 (1925)	42669110	Text	
v.4 (1925)	42669111	Text	
v.4 (1925)	42669112	Text	
v.4 (1925)	42669113	Text	
v.4 (1925)	42669114	Text	
v.4 (1925)	42669115	Text	
v.4 (1925)	42669116	Text	
v.4 (1925)	42669117	Text	
v.4 (1925)	42669118	Text	
v.4 (1925)	42669119	Text	
v.4 (1925)	42669120	Text	
v.4 (1925)	42669121	Text	
v.4 (1925)	42669122	Text	
v.4 (1925)	42669123	Text	
v.4 (1925)	42669124	Text	
v.4 (1925)	42669125	Text	
v.4 (1925)	42669126	Text	
v.4 (1925)	42669127	Text	
v.4 (1925)	42669128	Text	
v.4 (1925)	42669129	Text	
v.4 (1925)	42669130	Text	
v.4 (1925)	42669131	Text	
v.4 (1925)	42669132	Text	
v.4 (1925)	42669133	Text	
v.4 (1925)	42669134	Text	
v.4 (1925)	42669135	Text	
v.4 (1925)	42669136	Text	
v.4 (1925)	42669137	Text	
v.4 (1925)	42669138	Text	
v.4 (1925)	42669139	Text	
v.4 (1925)	42669140	Text	
v.4 (1925)	42669141	Text	
v.4 (1925)	42669142	Text	
v.4 (1925)	42669143	Text	
v.4 (1925)	42669144	Text	
v.4 (1925)	42669145	Text	
v.4 (1925)	42669146	Text	
v.4 (1925)	42669147	Text	
v.4 (1925)	42669148	Text	
v.4 (1925)	42669149	Text	
v.4 (1925)	42669150	Text	
v.4 (1925)	42669151	Text	
v.4 (1925)	42669152	Text	
v.4 (1925)	42669153	Text	
v.4 (1925)	42669154	Text	
v.4 (1925)	42669155	Text	
v.4 (1925)	42669156	Text	
v.4 (1925)	42669157	Text	
v.4 (1925)	42669158	Text	
v.4 (1925)	42669159	Text	
v.4 (1925)	42669160	Text	
v.4 (1925)	42669161	Text	
v.4 (1925)	42669162	Text	
v.4 (1925)	42669163	Blank	
v.4 (1925)	42669164	Blank	
v.4 (1925)	42669165	Blank	
v.4 (1925)	42669166	Blank	
v.4 (1925)	42669167	Illustration	Plate 241
v.4 (1925)	42669168	Blank	
v.4 (1925)	42669169	Illustration	Plate 242
v.4 (1925)	42669170	Blank	
v.4 (1925)	42669171	Illustration	Plate 243
v.4 (1925)	42669172	Blank	
v.4 (1925)	42669173	Illustration	Plate 244
v.4 (1925)	42669174	Blank	
v.4 (1925)	42669175	Illustration	Plate 245
v.4 (1925)	42669176	Blank	
v.4 (1925)	42669177	Illustration	Plate 246
v.4 (1925)	42669178	Blank	
v.4 (1925)	42669179	Illustration	Plate 247
v.4 (1925)	42669180	Blank	
v.4 (1925)	42669181	Illustration	Plate 248
v.4 (1925)	42669182	Blank	
v.4 (1925)	42669183	Illustration	Plate 249
v.4 (1925)	42669184	Blank	
v.4 (1925)	42669185	Illustration	Plate 250
v.4 (1925)	42669186	Blank	
v.4 (1925)	42669187	Illustration	Plate 251
v.4 (1925)	42669188	Blank	
v.4 (1925)	42669189	Illustration	Plate 252
v.4 (1925)	42669190	Blank	
v.4 (1925)	42669191	Illustration	Plate 253
v.4 (1925)	42669192	Blank	
v.4 (1925)	42669193	Illustration	Plate 254
v.4 (1925)	42669194	Blank	
v.4 (1925)	42669195	Illustration	Plate 255
v.4 (1925)	42669196	Blank	
v.4 (1925)	42669197	Illustration	Plate 256
v.4 (1925)	42669198	Blank	
v.4 (1925)	42669199	Illustration	Plate 257
v.4 (1925)	42669200	Blank	
v.4 (1925)	42669201	Illustration	Plate 258
v.4 (1925)	42669202	Blank	
v.4 (1925)	42669203	Illustration	Plate 259
v.4 (1925)	42669204	Blank	
v.4 (1925)	42669205	Illustration	Plate 260
v.4 (1925)	42669206	Blank	
v.4 (1925)	42669207	Illustration	Plate 261
v.4 (1925)	42669208	Blank	
v.4 (1925)	42669209	Illustration	Plate 262
v.4 (1925)	42669210	Blank	
v.4 (1925)	42669211	Illustration	Plate 263
v.4 (1925)	42669212	Blank	
v.4 (1925)	42669213	Illustration	Plate 264
v.4 (1925)	42669214	Blank	
v.4 (1925)	42669215	Illustration	Plate 265
v.4 (1925)	42669216	Blank	
v.4 (1925)	42669217	Illustration	Plate 266
v.4 (1925)	42669218	Blank	
v.4 (1925)	42669219	Illustration	Plate 267
v.4 (1925)	42669220	Blank	
v.4 (1925)	42669221	Illustration	Plate 268
v.4 (1925)	42669222	Blank	
v.4 (1925)	42669223	Illustration	Plate 269
v.4 (1925)	42669224	Blank	
v.4 (1925)	42669225	Illustration	Plate 270
v.4 (1925)	42669226	Blank	
v.4 (1925)	42669227	Illustration	Plate 271
v.4 (1925)	42669228	Blank	
v.4 (1925)	42669229	Illustration	Plate 272
v.4 (1925)	42669230	Blank	
v.4 (1925)	42669231	Illustration	Plate 273
v.4 (1925)	42669232	Blank	
v.4 (1925)	42669233	Illustration	Plate 274
v.4 (1925)	42669234	Blank	
v.4 (1925)	42669235	Illustration	Plate 275
v.4 (1925)	42669236	Blank	
v.4 (1925)	42669237	Illustration	Plate 276
v.4 (1925)	42669238	Blank	
v.4 (1925)	42669239	Illustration	Plate 277
v.4 (1925)	42669240	Blank	
v.4 (1925)	42669241	Illustration	Plate 278
v.4 (1925)	42669242	Blank	
v.4 (1925)	42669243	Illustration	Plate 279
v.4 (1925)	42669244	Blank	
v.4 (1925)	42669245	Illustration	Plate 280
v.4 (1925)	42669246	Blank	
v.4 (1925)	42669247	Illustration	Plate 281
v.4 (1925)	42669248	Blank	
v.4 (1925)	42669249	Illustration	Plate 282
v.4 (1925)	42669250	Blank	
v.4 (1925)	42669251	Illustration	Plate 283
v.4 (1925)	42669252	Blank	
v.4 (1925)	42669253	Illustration	Plate 284
v.4 (1925)	42669254	Blank	
v.4 (1925)	42669255	Illustration	Plate 285
v.4 (1925)	42669256	Blank	
v.4 (1925)	42669257	Illustration	Plate 286
v.4 (1925)	42669258	Blank	
v.4 (1925)	42669259	Illustration	Plate 287
v.4 (1925)	42669260	Blank	
v.4 (1925)	42669261	Illustration	Plate 288
v.4 (1925)	42669262	Blank	
v.4 (1925)	42669263	Illustration	Plate 289
v.4 (1925)	42669264	Blank	
v.4 (1925)	42669265	Illustration	Plate 290
v.4 (1925)	42669266	Blank	
v.4 (1925)	42669267	Illustration	Plate 291
v.4 (1925)	42669268	Blank	
v.4 (1925)	42669269	Illustration	Plate 292
v.4 (1925)	42669270	Blank	
v.4 (1925)	42669271	Illustration	Plate 293
v.4 (1925)	42669272	Blank	
v.4 (1925)	42669273	Illustration	Plate 294
v.4 (1925)	42669274	Blank	
v.4 (1925)	42669275	Illustration	Plate 295
v.4 (1925)	42669276	Blank	
v.4 (1925)	42669277	Illustration	Plate 296
v.4 (1925)	42669278	Blank	
v.4 (1925)	42669279	Illustration	Plate 297
v.4 (1925)	42669280	Blank	
v.4 (1925)	42669281	Illustration	Plate 298
v.4 (1925)	42669282	Blank	
v.4 (1925)	42669283	Illustration	Plate 299
v.4 (1925)	42669284	Blank	
v.4 (1925)	42669285	Illustration	Plate 300
v.4 (1925)	42669286	Blank	
v.4 (1925)	42669287	Illustration	Plate 301
v.4 (1925)	42669288	Blank	
v.4 (1925)	42669289	Illustration	Plate 302
v.4 (1925)	42669290	Blank	
v.4 (1925)	42669291	Illustration	Plate 303
v.4 (1925)	42669292	Blank	
v.4 (1925)	42669293	Illustration	Plate 304
v.4 (1925)	42669294	Blank	
v.4 (1925)	42669295	Illustration	Plate 305
v.4 (1925)	42669296	Blank	
v.4 (1925)	42669297	Illustration	Plate 306
v.4 (1925)	42669298	Blank	
v.4 (1925)	42669299	Illustration	Plate 307
v.4 (1925)	42669300	Blank	
v.4 (1925)	42669301	Illustration	Plate 308
v.4 (1925)	42669302	Blank	
v.4 (1925)	42669303	Illustration	Plate 309
v.4 (1925)	42669304	Blank	
v.4 (1925)	42669305	Illustration	Plate 310
v.4 (1925)	42669306	Blank	
v.4 (1925)	42669307	Illustration	Plate 311
v.4 (1925)	42669308	Blank	
v.4 (1925)	42669309	Illustration	Plate 312
v.4 (1925)	42669310	Blank	
v.4 (1925)	42669311	Illustration	Plate 313
v.4 (1925)	42669312	Blank	
v.4 (1925)	42669313	Illustration	Plate 314
v.4 (1925)	42669314	Blank	
v.4 (1925)	42669315	Illustration	Plate 315
v.4 (1925)	42669316	Blank	
v.4 (1925)	42669317	Illustration	Plate 316
v.4 (1925)	42669318	Blank	
v.4 (1925)	42669319	Illustration	Plate 317
v.4 (1925)	42669320	Blank	
v.4 (1925)	42669321	Illustration	Plate 318
v.4 (1925)	42669322	Blank	
v.4 (1925)	42669323	Illustration	Plate 319
v.4 (1925)	42669324	Blank	
v.4 (1925)	42669325	Illustration	Plate 320
v.4 (1925)	42669326	Blank	
v.4 (1925)	42669327	Blank	
v.4 (1925)	42669328	Cover	
v.5 (1925)	42669414	Cover	
v.5 (1925)	42669413	Blank	
v.5 (1925)	42669412	Text	
v.5 (1925)	42669411	Blank	
v.5 (1925)	42669410	Blank	
v.5 (1925)	42669409	Blank	
v.5 (1925)	42669408	Blank	
v.5 (1925)	42669407	Blank	
v.5 (1925)	42669406	Text	
v.5 (1925)	42669405	Blank	
v.5 (1925)	42669404	Title Page	
v.5 (1925)	42669403	Blank	
v.5 (1925)	42669402	Table of Contents	
v.5 (1925)	42669401	Table of Contents	
v.5 (1925)	42669400	Table of Contents	
v.5 (1925)	42669399	Blank	
v.5 (1925)	42669398	Text	
v.5 (1925)	42669397	Text	
v.5 (1925)	42669396	Text	
v.5 (1925)	42669395	Text	
v.5 (1925)	42669394	Text	
v.5 (1925)	42669393	Text	
v.5 (1925)	42669392	Text	
v.5 (1925)	42669391	Text	
v.5 (1925)	42669390	Text	
v.5 (1925)	42669389	Text	
v.5 (1925)	42669388	Text	
v.5 (1925)	42669387	Text	
v.5 (1925)	42669386	Text	
v.5 (1925)	42669385	Text	
v.5 (1925)	42669384	Text	
v.5 (1925)	42669383	Text	
v.5 (1925)	42669382	Text	
v.5 (1925)	42669381	Text	
v.5 (1925)	42669380	Text	
v.5 (1925)	42669379	Text	
v.5 (1925)	42669378	Text	
v.5 (1925)	42669377	Text	
v.5 (1925)	42669376	Text	
v.5 (1925)	42669375	Text	
v.5 (1925)	42669374	Text	
v.5 (1925)	42669373	Text	
v.5 (1925)	42669372	Text	
v.5 (1925)	42669371	Text	
v.5 (1925)	42669370	Text	
v.5 (1925)	42669369	Text	
v.5 (1925)	42669368	Text	
v.5 (1925)	42669367	Text	
v.5 (1925)	42669366	Text	
v.5 (1925)	42669365	Text	
v.5 (1925)	42669364	Text	
v.5 (1925)	42669363	Text	
v.5 (1925)	42669362	Text	
v.5 (1925)	42669329	Text	
v.5 (1925)	42669330	Text	
v.5 (1925)	42669331	Text	
v.5 (1925)	42669332	Text	
v.5 (1925)	42669333	Text	
v.5 (1925)	42669334	Text	
v.5 (1925)	42669335	Text	
v.5 (1925)	42669336	Text	
v.5 (1925)	42669337	Text	
v.5 (1925)	42669338	Text	
v.5 (1925)	42669339	Text	
v.5 (1925)	42669340	Text	
v.5 (1925)	42669341	Text	
v.5 (1925)	42669342	Text	
v.5 (1925)	42669343	Text	
v.5 (1925)	42669344	Text	
v.5 (1925)	42669345	Text	
v.5 (1925)	42669346	Text	
v.5 (1925)	42669347	Text	
v.5 (1925)	42669348	Text	
v.5 (1925)	42669349	Text	
v.5 (1925)	42669350	Text	
v.5 (1925)	42669351	Text	
v.5 (1925)	42669352	Text	
v.5 (1925)	42669353	Text	
v.5 (1925)	42669354	Text	
v.5 (1925)	42669355	Text	
v.5 (1925)	42669356	Text	
v.5 (1925)	42669357	Text	
v.5 (1925)	42669358	Text	
v.5 (1925)	42669359	Text	
v.5 (1925)	42669360	Text	
v.5 (1925)	42669361	Text	
v.5 (1925)	42669415	Text	
v.5 (1925)	42669416	Text	
v.5 (1925)	42669417	Text	
v.5 (1925)	42669418	Text	
v.5 (1925)	42669419	Text	
v.5 (1925)	42669420	Text	
v.5 (1925)	42669421	Text	
v.5 (1925)	42669422	Text	
v.5 (1925)	42669423	Text	
v.5 (1925)	42669424	Text	
v.5 (1925)	42669425	Text	
v.5 (1925)	42669426	Blank	
v.5 (1925)	42669427	Index	
v.5 (1925)	42669428	Index	
v.5 (1925)	42669429	Index	
v.5 (1925)	42669430	Index	
v.5 (1925)	42669431	Index	
v.5 (1925)	42669432	Index	
v.5 (1925)	42669433	Index	
v.5 (1925)	42669434	Index	
v.5 (1925)	42669435	Index	
v.5 (1925)	42669436	Index	
v.5 (1925)	42669437	Index	
v.5 (1925)	42669438	Index	
v.5 (1925)	42669439	Index	
v.5 (1925)	42669440	Index	
v.5 (1925)	42669441	Index	
v.5 (1925)	42669442	Blank	
v.5 (1925)	42669443	Blank	
v.5 (1925)	42669444	Blank	
v.5 (1925)	42669445	Blank	
v.5 (1925)	42669446	Blank	
v.5 (1925)	42669447	Illustration	Plate 321
v.5 (1925)	42669448	Blank	
v.5 (1925)	42669449	Illustration	Plate 322
v.5 (1925)	42669450	Blank	
v.5 (1925)	42669451	Illustration	Plate 323
v.5 (1925)	42669452	Blank	
v.5 (1925)	42669453	Illustration	Plate 324
v.5 (1925)	42669454	Blank	
v.5 (1925)	42669455	Illustration	Plate 325
v.5 (1925)	42669456	Blank	
v.5 (1925)	42669457	Illustration	Plate 326
v.5 (1925)	42669458	Blank	
v.5 (1925)	42669459	Illustration	Plate 327
v.5 (1925)	42669460	Blank	
v.5 (1925)	42669461	Illustration	Plate 328
v.5 (1925)	42669462	Blank	
v.5 (1925)	42669463	Illustration	Plate 329
v.5 (1925)	42669464	Blank	
v.5 (1925)	42669465	Illustration	Plate 330
v.5 (1925)	42669466	Blank	
v.5 (1925)	42669467	Illustration	Plate 331
v.5 (1925)	42669468	Blank	
v.5 (1925)	42669469	Illustration	Plate 332
v.5 (1925)	42669470	Blank	
v.5 (1925)	42669471	Illustration	Plate 333
v.5 (1925)	42669472	Blank	
v.5 (1925)	42669473	Illustration	Plate 334
v.5 (1925)	42669474	Blank	
v.5 (1925)	42669475	Illustration	Plate 335
v.5 (1925)	42669476	Blank	
v.5 (1925)	42669477	Illustration	Plate 336
v.5 (1925)	42669478	Blank	
v.5 (1925)	42669479	Illustration	Plate 337
v.5 (1925)	42669480	Blank	
v.5 (1925)	42669481	Illustration	Plate 338
v.5 (1925)	42669482	Blank	
v.5 (1925)	42669483	Illustration	Plate 339
v.5 (1925)	42669484	Blank	
v.5 (1925)	42669485	Illustration	Plate 340
v.5 (1925)	42669486	Blank	
v.5 (1925)	42669487	Illustration	Plate 341
v.5 (1925)	42669488	Blank	
v.5 (1925)	42669489	Illustration	Plate 342
v.5 (1925)	42669490	Blank	
v.5 (1925)	42669491	Illustration	Plate 343
v.5 (1925)	42669492	Blank	
v.5 (1925)	42669493	Illustration	Plate 344
v.5 (1925)	42669494	Blank	
v.5 (1925)	42669495	Illustration	Plate 345
v.5 (1925)	42669496	Blank	
v.5 (1925)	42669497	Illustration	Plate 346
v.5 (1925)	42669498	Blank	
v.5 (1925)	42669499	Illustration	Plate 347
v.5 (1925)	42669500	Blank	
v.5 (1925)	42669501	Illustration	Plate 348
v.5 (1925)	42669502	Blank	
v.5 (1925)	42669503	Illustration	Plate 349
v.5 (1925)	42669504	Blank	
v.5 (1925)	42669505	Illustration	Plate 350
v.5 (1925)	42669506	Blank	
v.5 (1925)	42669507	Illustration	Plate 351
v.5 (1925)	42669508	Blank	
v.5 (1925)	42669509	Illustration	Plate 352
v.5 (1925)	42669510	Blank	
v.5 (1925)	42669511	Illustration	Plate 353
v.5 (1925)	42669512	Blank	
v.5 (1925)	42669513	Illustration	Plate 354
v.5 (1925)	42669514	Blank	
v.5 (1925)	42669515	Illustration	Plate 355
v.5 (1925)	42669516	Blank	
v.5 (1925)	42669517	Illustration	Plate 356
v.5 (1925)	42669518	Blank	
v.5 (1925)	42669519	Illustration	Plate 357
v.5 (1925)	42669520	Blank	
v.5 (1925)	42669521	Illustration	Plate 358
v.5 (1925)	42669522	Blank	
v.5 (1925)	42669523	Illustration	Plate 359
v.5 (1925)	42669524	Blank	
v.5 (1925)	42669525	Illustration	Plate 360
v.5 (1925)	42669526	Blank	
v.5 (1925)	42669527	Illustration	Plate 361
v.5 (1925)	42669528	Blank	
v.5 (1925)	42669529	Illustration	Plate 362
v.5 (1925)	42669530	Blank	
v.5 (1925)	42669531	Illustration	Plate 363
v.5 (1925)	42669532	Blank	
v.5 (1925)	42669533	Illustration	Plate 364
v.5 (1925)	42669534	Blank	
v.5 (1925)	42669535	Illustration	Plate 365
v.5 (1925)	42669536	Blank	
v.5 (1925)	42669537	Illustration	Plate 366
v.5 (1925)	42669538	Blank	
v.5 (1925)	42669539	Illustration	Plate 367
v.5 (1925)	42669540	Blank	
v.5 (1925)	42669541	Illustration	Plate 368
v.5 (1925)	42669542	Blank	
v.5 (1925)	42669543	Illustration	Plate 369
v.5 (1925)	42669544	Blank	
v.5 (1925)	42669545	Illustration	Plate 370
v.5 (1925)	42669546	Blank	
v.5 (1925)	42669547	Illustration	Plate 371
v.5 (1925)	42669548	Blank	
v.5 (1925)	42669549	Illustration	Plate 372
v.5 (1925)	42669550	Blank	
v.5 (1925)	42669551	Illustration	Plate 373
v.5 (1925)	42669552	Blank	
v.5 (1925)	42669553	Illustration	Plate 374
v.5 (1925)	42669554	Blank	
v.5 (1925)	42669555	Illustration	Plate 375
v.5 (1925)	42669556	Blank	
v.5 (1925)	42669557	Illustration	Plate 376
v.5 (1925)	42669558	Blank	
v.5 (1925)	42669559	Illustration	Plate 377
v.5 (1925)	42669560	Blank	
v.5 (1925)	42669561	Illustration	Plate 378
v.5 (1925)	42669562	Blank	
v.5 (1925)	42669563	Illustration	Plate 379
v.5 (1925)	42669564	Blank	
v.5 (1925)	42669565	Illustration	Plate 380
v.5 (1925)	42669566	Blank	
v.5 (1925)	42669567	Illustration	Plate 381
v.5 (1925)	42669568	Blank	
v.5 (1925)	42669569	Illustration	Plate 382
v.5 (1925)	42669570	Blank	
v.5 (1925)	42669571	Illustration	Plate 383
v.5 (1925)	42669572	Blank	
v.5 (1925)	42669573	Illustration	Plate 384
v.5 (1925)	42669574	Blank	
v.5 (1925)	42669575	Illustration	Plate 385
v.5 (1925)	42669576	Blank	
v.5 (1925)	42669577	Illustration	Plate 386
v.5 (1925)	42669578	Blank	
v.5 (1925)	42669579	Illustration	Plate 387
v.5 (1925)	42669580	Blank	
v.5 (1925)	42669581	Illustration	Plate 388
v.5 (1925)	42669582	Blank	
v.5 (1925)	42669583	Illustration	Plate 389
v.5 (1925)	42669584	Blank	
v.5 (1925)	42669585	Illustration	Plate 390
v.5 (1925)	42669586	Blank	
v.5 (1925)	42669587	Illustration	Plate 391
v.5 (1925)	42669588	Blank	
v.5 (1925)	42669589	Illustration	Plate 392
v.5 (1925)	42669590	Blank	
v.5 (1925)	42669591	Illustration	Plate 393
v.5 (1925)	42669592	Blank	
v.5 (1925)	42669593	Illustration	Plate 394
v.5 (1925)	42669594	Blank	
v.5 (1925)	42669595	Illustration	Plate 395
v.5 (1925)	42669596	Blank	
v.5 (1925)	42669597	Illustration	Plate 396
v.5 (1925)	42669598	Blank	
v.5 (1925)	42669599	Illustration	Plate 397
v.5 (1925)	42669600	Blank	
v.5 (1925)	42669601	Illustration	Plate 398
v.5 (1925)	42669602	Blank	
v.5 (1925)	42669603	Illustration	Plate 399
v.5 (1925)	42669604	Blank	
v.5 (1925)	42669605	Illustration	Plate 400
v.5 (1925)	42669606	Blank	
v.5 (1925)	42669607	Blank	
v.5 (1925)	42669608	Cover	
